param,kl_div,max_post_corr,mean,std,ci_lo,ci_hi,shrinkage,ess
$\lambda$ (Loss Aversion),4.0674024148142,0.868585182882009,0.13428722520262892,0.02084699820437245,0.09679885524172922,0.17767846773721996,0.983791660822547,592.0545935731609
$\rho$ (Perception Shape),2.1143029739783215,0.9349348572265237,0.736944147158777,0.028899056573708157,0.6772145425378591,0.7896132339052837,0.8853074577883422,591.2035152722142
$\alpha$ (Learning Rate),1.903181688854421,0.868585182882009,0.5157656154180914,0.035435506243526524,0.44596528800503693,0.5837622910595756,0.8593908132096545,587.3931472398402
$f$ (Boredom Factor),2.401193651088327,0.24607230583452847,0.0752686450248236,0.010892285691795532,0.05589670202361443,0.09847864456324901,0.9130980764497254,567.732639601263
$\beta$ (Exploration Weight),0.893973615746665,0.9349348572265237,3.74805300585217,0.49760162498146276,2.7805843185272057,4.7325050660804555,0.6088335175243988,536.5071094765461
